CREATE DATABASE IF NOT EXISTS `marketplace`;
USE `marketplace`;

CREATE TABLE `accounts` (
  `id` INT(11) NOT NULL AUTO_INCREMENT,
  `name` VARCHAR(30) NOT NULL,
  `number` VARCHAR(20) NOT NULL,
  `email` VARCHAR(255) NOT NULL,
  `username` VARCHAR(255) NOT NULL,
  `password` VARCHAR(255) NOT NULL,
  `role` VARCHAR(20) NOT NULL DEFAULT 'user',
  `profile_image` VARCHAR(255) DEFAULT 'no_image.png',
  `status` ENUM('active', 'blocked') NOT NULL DEFAULT 'active',
  `registration_date` TIMESTAMP NOT NULL DEFAULT CURRENT_TIMESTAMP,
  PRIMARY KEY (`id`)
);

CREATE TABLE `categories` (
  `id` INT(11) NOT NULL AUTO_INCREMENT,
  `category_name` VARCHAR(255) NOT NULL,
  PRIMARY KEY (`id`)
);

CREATE TABLE `products` (
  `id` INT(11) NOT NULL AUTO_INCREMENT,
  `name` VARCHAR(30) DEFAULT NULL,
  `category_id` INT(11) DEFAULT NULL,
  `seller_id` INT(11) DEFAULT NULL,
  `price_old` INT(11) DEFAULT NULL,
  `price_current` INT(11) DEFAULT NULL,
  `description` VARCHAR(2000) DEFAULT NULL,
  `rating` DECIMAL(2,1) DEFAULT NULL CHECK (`rating` >= 1 AND `rating` <= 5),
  `quantity` INT(11) DEFAULT NULL,
  `added_to_site` TIMESTAMP NOT NULL DEFAULT CURRENT_TIMESTAMP,
  PRIMARY KEY (`id`),
  FOREIGN KEY (`category_id`) REFERENCES `categories`(`id`),
  FOREIGN KEY (`seller_id`) REFERENCES `accounts`(`id`)
);

CREATE TABLE `product_images` (
  `id` INT(11) NOT NULL AUTO_INCREMENT,
  `product_id` INT(11) DEFAULT NULL,
  `image_url` VARCHAR(255) DEFAULT NULL,
  PRIMARY KEY (`id`),
  FOREIGN KEY (`product_id`) REFERENCES `products`(`id`)
);

CREATE TABLE `cart` (
  `id` INT(11) NOT NULL AUTO_INCREMENT,
  `user_id` INT(11) DEFAULT NULL,
  `product_id` INT(11) DEFAULT NULL,
  `number_of_products` VARCHAR(3) NOT NULL,
  PRIMARY KEY (`id`),
  FOREIGN KEY (`user_id`) REFERENCES `accounts`(`id`),
  FOREIGN KEY (`product_id`) REFERENCES `products`(`id`)
);

CREATE TABLE `wishes` (
  `id` INT(11) NOT NULL AUTO_INCREMENT,
  `user_id` INT(11) DEFAULT NULL,
  `product_id` INT(11) DEFAULT NULL,
  PRIMARY KEY (`id`),
  FOREIGN KEY (`user_id`) REFERENCES `accounts`(`id`),
  FOREIGN KEY (`product_id`) REFERENCES `products`(`id`)
);

INSERT INTO `accounts` (`id`, `name`, `number`, `email`, `username`, `password`, `role`, `profile_image`, `status`, `registration_date`) VALUES
(1, 'Iqbolshoh', '997799333', 'Iqbolshoh@gmail.com', 'Iqbolshoh', '69b241e1e59cc71c1fe80720c0254c48e4397c4f3ac56c61f03879f13e29c765', 'admin', 'no_image.png', 'active', '2024-05-14 11:17:25'),
(2, 'seller', '997733999', 'seller@gmail.com', 'seller', '69b241e1e59cc71c1fe80720c0254c48e4397c4f3ac56c61f03879f13e29c765', 'seller', 'no_image.png', 'active', '2024-05-14 11:17:25'),
(3, 'user', '993399777', 'user@gmail.com', 'user', '69b241e1e59cc71c1fe80720c0254c48e4397c4f3ac56c61f03879f13e29c765', 'user', 'no_image.png', 'active', '2024-05-14 11:17:25'),
(4, 'userAKA', '993399177', 'userAKA@gmail.com', 'userAKA', '69b241e1e59cc71c1fe80720c0254c48e4397c4f3ac56c61f03879f13e29c765', 'user', 'no_image.png', 'active', '2024-05-14 11:17:25');

INSERT INTO `categories` (`id`, `category_name`) VALUES
(3, 'Kompyuter'),
(2, 'Planshet'),
(1, 'Telefon'),
(4, 'Televizor');

INSERT INTO `products`( `name`, `category_id`, `seller_id`, `price_old`, `price_current`, `description`, `rating`, `quantity`) VALUES 
('Tecno Spark 20', 1, 2, 350, 249, 'Mahsulot haqida qisqacha: Displey: 6,78 (2460x1080), Full HD, IPS; Ekranning yangilanish tezligi: 120 Gts; Ekran xususiyatlari: sensorli ekran, tirnalishga chidamli oyna, rangli ekranAsosiy (orqa) kameralar soni: 3; Asosiy kamera o‘lchamlari: 108 MP; Old kamera o‘lchamlari: 32 MP; Maks. video o‘lchamlari: 2K; Video yozish (asosiy kamera): 1920x1080; Eshitish vositasi chiqishi: mini-jak 3,5 mmProtsessor: MediaTek Helio G99; Xarakteristikalari - chastota: 2200 MGts; yadrolar soni: 8; 2x2,2 gigagertsli Cortex-A76, 6x2,0 gigagertsli Cortex-A55; video protsessor: Mali-G57 MC2; O‘rnatilgan xotira: 256 GB; RAM: 8 GB; Xotira kartasi uyasi: mavjudBatareya quvvati: 5000 mA/soat; Zaryadlovchi ulagich turi: USB-C; Zaryadlash funktsiyalari: tez zaryadlashSIM-kartalar soni: Dual nanoSIM; Aloqa standarti: 2G, 3G, 4G LTE, 2G/3G/4G (LTE), 4G; Simsiz interfeyslar: Bluetooth, NFC, Wi-Fi, GPSXususiyatlari: akselerometr, giroskop, yorug‘lik sensori, yaqinlik sensori, kompass, yuzni tanish sensori, barmoq izi skaneri, pedometrAutentifikatsiya: yuz orqali ochish, barmoq izlari skaneriKorpus turi: klassik; Korpus materiali: plastmassa; Himoya darajasi: IP53, IPX5; Smartfon og‘irligi: 206 g; O‘lchamlari (ExBxQ): 76,61x168,61x8,4 mmOS versiyasi: Android 13 sotuvlar boshidaZavod jihozlari: hujjatlar, zaryadlovchi, himoya plyonkasi (ekranga yopishtirilgan', 5.0, 25),
('Smartfon Infinix Note 40Pro', 1, 2, 700, 399, 'Mahsulot haqida qisqacha: SIM-kartalar soni 2Orqa kamera 108 MP, 2 MP, 2 MPOld Kamera 32 MPEkran o‘lchami 6.78&quot;Ekran yangilanish chastotasi: 120 GtsEkran texnologiyasi: AMOLEDDoimiy xotira hajmi 256 GBOperativ xotira hajmi 12 GBOperatsion tizim versiyasi Android 14Batareya quvvati 5000 мА/soat', 5.0, 56),
('Samsung Galaxy A55', 1, 2, 690, 440, 'Mahsulot haqida qisqacha: Battareya 5000 mA/soat, zaryad olish tezligi 25 VtSakkiz yadroli protsessor 4 nm, Exynos 1480, grafika Xclipse 530Display 6,6 dyuym, AMOLED, 2340×1080, 120Hz, 1650 nit, HDR 10+Keng burchakli kamera 50mp OIS, Ultra keng burchakli kamera 12mp, makro kamera 5mpSelfi kamera 32 MP8 Gb RAM va 128 / 256GB ichki xotirasi', 5.0, 25),
('Samsung Galaxy A15', 1, 2, 290, 180, 'Mahsulot haqida qisqacha: Barcha IMEI lar rasmiy ro‘yxatdan o‘tgan va ro‘yxatga olish faollashuvi 30 kun ichida amalga oshiriladi. Ishlab chiqaruvchi o‘z mahsulotlariga 12 oylik kafolat beradi.Protsessor CPU chastotasi 2,2 gigagertsli, 2 gigagertsli Protsessor turi Sakkiz yadroliRAM: 6GB / 8GB Mavjud hajm (GB) 108.8 Tashqi xotirani qo‘llab-quvvatlash MicroSD (1 TB gacha)Ekran o‘lchami: 6,5 dyuymBatareya quvvati: 5000 ma/soatXotira: 128GB / 256GBEkranni yangilash tezligi: 90 GtsOld va orqa kamera: 13-50-5-2mpEkran Asosiy ekran o‘lchamlari 163.9 mm (6,5 dyuym) Asosiy ekran o‘lchamlari 1080 x 2340 (FHD+) Asosiy ekran texnologiyasi Super AMOLED Asosiy ekran rang chuqurligi 16 mln.', 5.0, 67),
('Samsung Galaxy S24 Ultra', 1, 2, 2000, 1500, 'Mahsulot haqida qisqacha: Dizayn: Yuqori sifatli materiallardan foydalangan holda oqlangan va zamonaviy dizayn.Operatsion tizim: Samsung One UI foydalanuvchi interfeysi bilan eng yangi Android operatsion tizimida ishlaydi.Tarmoq imkoniyatlari: Yuqori tezlikdagi Internet uchun ilg‘or aloqa texnologiyalarini, jumladan 5G ni qo‘llab-quvvatlaydi.Xavfsizlik va xavfsizlik: Bir nechta autentifikatsiya usullari, jumladan, barmoq izlari va yuzni tanish texnologiyalari.Kameralar: Professional fotografiya va videografiya uchun inqilobiy yuqori aniqlikdagi ko‘p kamerali tizim.Barcha IMEI lar rasmiy ro‘yxatdan o‘tgan va ro‘yxatga olish faollashuvi 30 kun ichida amalga oshiriladi. Ishlab chiqaruvchi o‘z mahsulotlariga 12 oylik kafolat beradi.Displey: Yuqori aniqlik va ilg‘or displey texnologiyalari bilan ajoyib va ​​ajoyib displey.Ishlash: Maksimal ishlash va sezgirlik uchun kuchli protsessor.Batareya: Energiyani boshqarishning ilg‘or texnologiyalari va tez zaryadlash xususiyatiga ega uzoq umr batareya.Qo‘shimcha xususiyatlar: Suv o‘tkazmaydigan, simsiz zaryadlash, stilusni qo‘llab-quvvatlash yoki boshqa innovatsion xususiyatlar.', 5.0, 98),
('Xiaomi Redmi A3', 1, 2, 270, 120, 'Mahsulot haqida qisqacha: Smartfon sakkiz yadroli MediaTek Helio G36 protsessori bilan jihozlangan bo‘lib, kundalik silliq ish uchun barcha zarur quvvatni ta‘minlaydi.Ishlab chiqaruvchining rasmiy kafolati: 1 yil. Barcha IMEI rasmiy ravishda ro‘yxatdan o‘tgan (ro‘yxatdan o‘tishni faollashtirish 30 kun ichida amalga oshiriladi).IP54 himoya klassi tufayli smartfon chayqalish va changdan ishonchli himoyalangan90 Hz ekranni yangilash tezligi o‘yin, multimedia yoki shunchaki aylantiruvchi tarkibni iloji boricha silliq qiladi.Asosiy 8 megapikselli ikki kamerali tizim tasvirni qayta ishlashning aqlli algoritmlari bilan jihozlangan bo‘lib, aniq ramkalar va boy ranglarni ta‘minlaydi.Yassi ramkali zamonaviy korpus va dog‘ qoldirmaydigan orqa qopqoq smartfonni nafaqat zamonaviy, balki amaliy qiladi5000 mA/soat quvvatga ega kuchli batareya va tez zaryadlashni qo‘llab-quvvatlash batareyaning kun davomida uzoq umr ko‘rishini ta‘minlaydi', 5.0, 56),
('Infinix Hot 40', 1, 2, 260, 140, 'Mahsulot haqida qisqacha: Katta 6,56 dyuymli HD+ displey: video va fotosuratlarni qulay ko‘rish uchunKuchli Unisoc T606 protsessori: kundalik vazifalar va engil o‘yinlar bilan shug‘ullanadiTez zaryadlash 18 Vt: smartfoningizni tezda zaryad qiladiBarmoq izi skaneri: qurilmangizni xavfsiz saqlaydi5000 mA/soat sig‘imli akkumulyator: 30 soatgacha video oqimini ta’minlaydiNFC: kontaktsiz xaridlar uchun to‘lovni amalga oshirish imkonini beradi50 MP asosiy kamera: yorqin va aniq suratlar uchun32 MP old kamera: yuqori sifatli selfi uchun', 5.0, 65),
('Apple iPhone 13', 1, 2, 2000, 900, 'Mahsulot haqida qisqacha: Barcha IMEI lar rasmiy ro‘yxatdan o‘tgan va ro‘yxatga olish faollashuvi 30 kun ichida amalga oshiriladi. (SIM karta turi: Nano SIM + eSIM) Ishlab chiqaruvchi o‘z mahsulotlariga 12 oylik kafolat beradi.Super Retina XDR displey 6,1 dyuymli (diagonal) butun ekranli OLED displey 2532 x 1170 piksel o‘lchamlari 460 ppiChayqalishga, suvga va changga chidamli 3 IEC 60529 standarti bo‘yicha IP68 nominal (maksimal chuqurlik 6 metrdan 30 daqiqagacha)Ikkita 12MP kamera tizimi: Keng va ultra keng kameralarProtsessor turi: A15 Bionic chipi 2 ta ishlash va 4 ta samaradorlik yadroli yangi 6 yadroli protsessor Yangi 4 yadroli GPU Yangi 16 yadroli Neyron DvigatelMaydon chuqurligi past bo‘lgan videolarni yozib olish uchun kinematik rejim (30 kadr / s tezlikda 1080p) Kino videoni barqarorlashtirish (4K, 1080p va 720p)Manzil O‘rnatilgan GPS, GLONASS, Galileo, QZSS va BeiDou Raqamli kompas Wi-fi Uyali iBeacon mikrolokatsiyasiQuvvat va batareya Videoni ijro etish: 19 soatgacha Videoni ijro etish (oqimli): 15 soatgacha Audio tinglash: 75 soatgachaOperatsion tizim iOS 15 iOS dunyodagi eng shaxsiy va xavfsiz mobil operatsion tizim boʻlib, kuchli funksiyalarga ega va maxfiyligingizni himoya qilishga moʻljallangan.Mintaqa kodi: RM/A va RK/A.', 5.0, 56),
('IPhone 15 Pro/Promax', 1, 2, 2100, 1500, 'Mahsulot haqida qisqacha: Kafolat - 12 oy. IMEI 1 - rasmiy ro‘yxatdan o‘tgan (ro‘yxatdan o‘tishni faollashtirish 30 kun ichida avtomatik tarzda amalga oshiriladi)O‘rnatilgan xotira - 128/256 GB / OS versiyasi-iOS 17SIM kartalar soni Dual - nano SIM + eSimDisplay - 6.7&quot; (2796x1290), 2K QHD, OLEDKamera - 48 MP/ 12 MP / 12 MPVideo suratga olish (asosiy kamera) - 4K 60 kadr/s gacha bo‘lgan (3840x2160)Protsessor - Apple A17 Pro; Korpus materiali - TitanZaryadlovchi ulagich turi - USB-CZaryadlash funktsiyalari - simsiz zaryadlash, tez zaryadlashBatareya quvvati - Pro: 3274 ma/s Promax: 4422 ma/s', 5.0, 56),
('Honor X7b 8/128 GB', 1, 2, 420, 230, 'Mahsulot haqida qisqacha: Ishlab chiqaruvchining rasmiy kafolati: 1 yil. Barcha IMEI rasmiy ravishda ro‘yxatdan o‘tgan (ro‘yxatdan o‘tishni faollashtirish 30 kun ichida amalga oshiriladi).Smartfon 48 megapikselli kuchli asosiy kameraga ega bo‘lib, u turli yorug‘lik sharoitida yuqori sifatli fotosuratlar va videolarni olish imkonini beradi. 8 megapikselli old kamera aniq selfi va video qo‘ng‘iroqlarni amalga oshirishga imkon beradi.6000 ma/soat quvvatga ega batareya batareyaning uzoq umr ko‘rishini ta‘minlaydi, bu sizga doimiy zaryadlashni talab qilmasdan kun bo‘yi qurilmadan foydalanish imkonini beradi.Ushbu smartfon yuqori unumdorlikni, ajoyib kamera funksiyalarini va uzoq vaqt davomida bitta zaryadda ishlashni taklif etadi, bu esa uni turli foydalanuvchilar uchun jozibali variantga aylantiradi.Honor X7B kuchli Qualcomm Snapdragon 680 protsessoriga ega bo‘lib, u turli vazifalarni, jumladan, ilovalarni ishga tushirish, multimedia jarayonlari va o‘yinlarni bajarishda qurilmaning tez va silliq ishlashini ta‘minlaydi.Honor X7B-bu zamonaviy xususiyatlar va xavfsizlikni ta‘minlaydigan Android 11 operatsion tizimiga ega kuchli smartfon.', 5.0, 36),
('Xiaomi Redmi 13C', 1, 2, 290, 160, 'Mahsulot haqida qisqacha: Yangilanish tezligi: 90 Hz gachaYorqinligi: 450 nit (turi), 600 nitProtsessor: MediaTek Helio G85Ekran: Corning® Gorilla® GlassDiagonali displey: 6,74 dyuym 1600x720, 260 ppiAsosiy kamera 50 Mp 5p ob‘ektiv, f/1.88 megapikselli old kamera f /2.0kino kamerasi / HDR rejimi / tungi rejim / portret rejimi / 50 Mp rejimiBatareya: 5000mAh (turi) 18W PD zaryadlashni qo‘llab-quvvatlaydiXavfsizlik: TouchID', 5.0, 59),
('Samsung Galaxy A24,', 1, 2, 400, 240, 'Mahsulot haqida qisqacha: Protsessor: MediaTek Helio G99, 8 yadro, 2.2 GGsOperativ xotira: 4 GBO‘rnatilgan xotira: 128 GBEkran: 6.5, 2340 * 1080, Super AMOLED, 90 GtsAsosiy kameralar: 50 + 5 + 2 MPOld kamera: 13 MPUlanish: 2G, 3G, 4G, Wi-Fi, Bluetooth 5.0, GPSBatareya quvvati: 5000 mA/soatIMEI ro‘yxatdan o‘tgan1 yillik kafolatga ega', 5.0, 96),
('Televizor AVAX Android 12 Smar', 4, 2, 300, 150, 'Mahsulot haqida qisqacha: Antenna kirish porti: DVB-T / T2 / C / analog uchun 1 IEC ulagichi. Antenna kirish porti (1 o‘rindiq): Ha. Antenna kirish porti turi: IEC 169-2Energiya samaradorligi klassi: A+. Quvvat iste‘moli: 74 Vt.Kafolat 3 yil. O‘zbekistonda ishlab chiqarilgan. Faqat 32&quot; ovozli boshqaruv pulti bilan!DTV qabul qilish tizimi: - DVB-T2; - raqamli tyuner; — CL+LG paneli; - S2; - LED televizor. Qabul qiluvchi chastota diapazoni (DTV): — DVB-T: 174 MGts ~ 230 MGts; — 470 MGts ~ 860 MGts; DVB-C: 50 MGts ~ 858 MGts DVB-S/S2: 950 MGts ~ 2150 MGts;Mahsulot toifasi: Smart Android 12. O‘rnatilgan xotira: 8 GbRejimlar: baland/bas/muvozanat: ha. Ovoz chiqish quvvati: 12 Vt + 12 Vt. NICAM: MONO/DUAL 1/DUAL 2/STEREO. Tizimga kirish Tyuner: 2 Kompozit: 1 HDMI: 3 USB: 2 Lan: 1 CI uyasi: 1', 5.0, 15),
('Televizor LiTV Android 12 Smar', 4, 2, 300, 140, 'Mahsulot haqida qisqacha: Ishlab chiqarilgan mamlakat: O‘zbekistonEnergiya samaradorligi (energiya iste‘moli) klassi a+Televizor turi LEDOperatsion tizimi Android 12Kafolat muddati, ishlab chiqaruvchidan, 3 yilYagona xizmat ko‘rsatish markazi (99)-373-03-03Kafolat talonini olish uchun, @volto_talon telegrammasiga murojaat qilishingizni so‘raymiz', 5.0, 56),
('Televizor MoonX 43', 4, 2, 290, 150, 'Mahsulot haqida qisqacha: O‘zingizga kerakli diagonalni tanlangBarcha modellarda komplektda pult mavjudBrend: MoonX43&quot; Full HD - Smart TV, Bluetooth, Wi-Fi, 60 Hz, HDR, IPS, 2x dinamiklar, Dolby Digital, HDMI, USB50&quot; 4K Ultra HD - Google TV, Bluetooth, Wi-Fi, 60 Hz, HDR, IPS, 2x dinamiklar, Dolby Digital, HDMI, USB55&quot; 4K Ultra HD - Google TV, Bluetooth, Wi-Fi, 60 Hz, HDR, IPS, 2x dinamiklar, Dolby Digital, HDMI, USBBarcha modellarda ovozli boshqaruv mavjud', 5.0, 65),
('Televizor QLT 32', 4, 2, 180, 130, 'Mahsulot haqida qisqacha: To‘plamda ikkita masofadan boshqarish pulti mavjud: universal va ovozli boshqaruv pultiKafolat muddati, ishlab chiqaruvchidan, 3 yilQLT 32&quot; 9000 UM-S-LHD / QLT 43&quot; 9000 UM-S-FHDAndroid 12 operatsion tizimi Smart TV orqali ko‘plab ilovalar va kontentdan bahramand bo‘lish imkonini beradiZamonaviy texnologiyalar tufayli mukammal tasvir sifati va foydalanish qulayligini ta‘minlaydiZamonaviy ramkasiz dizayn, aniq tasvir uchun yuqori HD piksellar soniga egaQLT 55&quot; 9000 UM-S-UHDWebOS operatsion tizimi bilan jihozlangan, bu navigatsiya va kontentga kirishni yanada qulayroq qiladiAjoyib ravshanlik va chuqur ranglarni taqdim etadigan 4K Ultra HD ekranli zamonaviy qurilmaQurilma bilan o‘zaro aloqani osonlashtirish uchun Aero-sichqoncha bilan jihozlangan innovatsion &quot;Magic remote&quot; pulti mavjud', 5.0, 45),
('Televizor Samsung Crystal UHD ', 4, 2, 580, 460, 'Mahsulot haqida qisqacha: Ekran o‘lchamlari: 3840 x 2160 (4K UHD)Yangilanish tezligi: 50 GsOperatsion tizim: Tizen™ Smart TVUlanish: Wi-Fi 5 (802.11 ac) / Bluetooth 5.0 / 3 X HDMI / 1 X USB / 1 X Ethernet / 1 X CI uyasi / Optik Audio chiqishiOvoz chiqishi: 2 x 10 VtIshlab chiqaruvchining rasmiy kafolati: 1 yil', 5.0, 56),
('smart televizori Xiaomi Mi TV ', 4, 2, 530, 430, 'Mahsulot haqida qisqacha: Full HD aniqlikka ega bo‘lgan Xiaomi Mi TV A2 sizga har bir detalni yorqinlik va aniqlik bilan ko‘rishga imkon beradi, u bevosita sizning ko‘z o‘ngingizda kontentni jonlantiradi.Ishlab chiqaruvchidan rasmiy kafolat: 1 yil. Yandeks Alisa bilan birga qo‘llash mumkinXiaomi Mi TV A2 43» televizori har bir kadrni haqiqiy san’at asariga aylantiradi.SK-texnologiya hattoki ko‘rishning keng burchaklarida ham yorqin ranglarni va tasvir tiniqligini ta’minlaydi. Sizning tomosha tajribangiz betakror bo‘ladi.Mi TV A2 – bu nafaqat televizor, balki ko‘ngilochish markazi ham. O‘zingizni sevimli oqimli servislaringizga bog‘laning, ilovalar dunyosini tadqiqot qiling va interfaol kontentdan bahramand bo‘ling.Ultraingichka ramkali konstruksiya standart tv nisbatidan ahamiyatli ustun keluvchi ekran va korpusning o‘lchamlarini yuqori nisbatini ta’minlaydi.Jozibali metall ramka va yaxlit konstruksiya sharofati bilan Xiaomi TV A2 har qanday interyerda yorqin detal bo‘lib qoladi.Maksimal darajadagi ixcham o‘lchamlar bilan, Mi TV A2 32” televizori har qanday fazoga juda yaxshi mos keladi.Maqbul 50 dyuymlar sizga harakatlarga sho‘ng‘ib ketishga va shu vaqtning o‘zida tasvir o‘lchami va sifati o‘rtasidagi muvozanatni saqlab qolish imkonini beradi.', 5.0, 59),
('Smart televizor TCL 43&quot;', 4, 2, 560, 360, 'Mahsulot haqida qisqacha: Operativ xotira - DDR3-2133: 2GB. Xotira - eMMC5.0 16GBHDMI &amp; HDCP Versiyasi - HDMI1.4 &amp; HDMI2.1, HDCP1.4 &amp; HDCP2.2Yangilanish Tezligi (Hz): 60Bluetooth 5.1 - bor. Google Assistant/Ovozli qidiruv - borInterfeys uslubi - Google TV UI + TCL TV UI. LED UHD Google TV. Android R.TV tizimi - ATV: PAL-M/N, NTSC-M DTV: DVB-C/T/T2/S/S2. AV tizimi - PAL, NTSC.Ovozli qidiruv bor bo‘lgan bitta aqlli masofadan boshqarish pulti bilan birga keladiKafolat 3 yil. Ishlab chiqaruvchi TCL, Xitoy.Qo‘shimcha ma‘lumot uchun &quot;Tarkib&quot;, &quot;O‘lchamlar&quot; yoki &quot;Batafsil&quot; bo‘limini tanlang', 5.0, 89),
('Smart televizor WellStars 32', 4, 2, 250, 130, 'Mahsulot haqida qisqacha: Model: 4300 - 43&quot;; 5500 - 55&quot;; 7500 - 70&quot;. 55&quot;-70&quot; - UzDigital o‘qiydi.Ekranni yangilash tezligi - 60 Gts. Bluetooth - borRAM 4300 - 1 GB, 5500-7500- 1,5 GB; Xotira-8 GBIkkita masofadan boshqarish pulti, 1 ta ovozli boshqaruv. 5500-7500 modellari Magic masofadan boshqarish pultiga ega4300 - Android TV; 5500, 7500 - WebOS4300 - Full HD; 5500, 7500 - 4K Ultra HDImport texnika. Zavod tomonidan ishlab chiqarilgan.Ovozli qidiruv - borUSB - 2; HDMI - 3, DVB T2/S2 - borKafolat 3 yil. Xitoyda ishlab chiqarilgan', 5.0, 56),
('Televizor JVC 32N3105 HD Smart', 4, 2, 270, 140, 'Ultraingichka ramkali konstruksiya standart tv nisbatidan ahamiyatli ustun keluvchi ekran va korpusning o‘lchamlarini yuqori nisbatini ta’minlaydi.Jozibali metall ramka va yaxlit konstruksiya sharofati bilan Xiaomi TV A2 har qanday interyerda yorqin detal bo‘lib qoladi.Maksimal darajadagi ixcham o‘lchamlar bilan, Mi TV A2 32” televizori har qanday fazoga juda yaxshi mos keladi.Maqbul 50 dyuymlar sizga harakatlarga sho‘ng‘ib ketishga va shu vaqtning o‘zida tasvir o‘lchami va sifati o‘rtasidagi muvozanatni saqlab qolish imkonini beradi.', 5.0, 56),
('Televizor Sonor 32SNR100S Smar', 4, 2, 300, 140, 'Mahsulot haqida qisqacha: Kafolat - 1 yilTezkor xotira - 1 gbO‘rnatilgan xotira - 8 gbEkran o‘lchamlari - 1366*768 (HDReady)Ko‘rish burchagi (H/V) - 178°/178°Ovoz chiqarish quvvati - 2x10=20wMatrisa turi - IPS panelSmart TV - AndroidMahsulot ekranini tarqatish punktida tekshirib oling', 5.0, 26),
('Televizor Premier 32PRM700S Sm', 4, 2, 300, 150, 'Mahsulot haqida qisqacha: Matritsa turi - IPS paneliOperativ xotira - 1 GBO‘rnatilgan xotira - 8 GBKafolat - 3 yilEkran o‘lchami - HD (1280 * 720)Operatsion tizim - AndroidMahsulot ekranini tarqatish punktida tekshirib oling', 5.0, 56),
('Televizor Artel MF3300', 4, 2, 700, 599, 'Mahsulot haqida qisqacha: Smart texnologiyasi mavjudDiagonali 43&quot;Ekranni yangilash tezligi 60 GtsWi-Fi-ni qo‘llab-quvvatlash BorBluetooth BorEkran o‘lchamlari 1920x1080 Full HD', 5.0, 56),
('Planshet Xiaomi Redmi Pad SE', 2, 2, 410, 220, 'Mahsulot haqida qisqacha: Mobil platforma: Snapdragon® 680 4GYorqinligi: 400 nitsXavfsizlik: FaceIDGPU: Qualcomm® Adreno™Ruxsat: 1920 * 1200, 207 ppiOrqa kamera 8MP f/ 2.0 orqa kamera, 1.12 mikron piksel o‘lchamiBatareyani zaryadlash: 8000 mA / soatOvoz: 3.5 mm eshitish vositasi uyasi1080P 1920 * 1080 30 kadrlar, 720P 1280 * 720 30 kadrlarPlanshetda SIM karta uyasi yo‘q', 5.0, 26),
('Planshet Oukitel OT6, 2024 mod', 2, 2, 180, 120, 'Mahsulot haqida qisqacha: Android 13 operatsion tizimi4 dan 16 GB gacha tezkor xotira64 GB ichki xotira10 dyuymli FHD+ displeyBolalar uchun xavfsiz planshetAkkumulyator 8000 mA/soat', 5.0, 59),
('Smart planshet CCIT A 103 PRO', 2, 2, 340, 160, 'Mahsulot haqida qisqacha: Toʻliq ekran 10.1 800*1280Batareya: O‘rnatilgan 5800 mA / soat lityum batareyaUlanish: Wi-Fi, Bluetooth, USBIMEI foydalanishga tayyorIkki SIM-kartali planshetOperativ xotira: 8 GB, 512 GBOperatsion tizim: Android 10.0Kamera: 5,0 MP old kamera, 13,0 MP orqa kameraTo‘plam: Planshet, klaviatura, korpus, himoya oynasi, stilus, zaryadlovchi, naushnikTillar: rus, o‘zbek, ingliz va boshqalar.', 5.0, 59),
('5.0 ( 101 baho ) 400 ta buyurt', 2, 2, 810, 440, 'Mahsulot haqida qisqacha: Orqa kamera: 13MP 4k | 30fps1080p | 30/60fps720p | 30 kadr/soniya Old kamera: 8 MP 1,12µm f/2,21080p | 30fps720p | 30 kadr/sBatareyani zaryadlash: 8840 mA / soatSimli zaryadlash: 33 VtTez zaryadlashni qo‘llab-quvvatlaydi: QC4 / QC3+ / QC3.0 / QC2.0 / PD3.0 / PD2.0 / MI FC1.0 tez zaryadBluetooth 5.2, WiFi 6, 4 mikrofon, 4 karnayOperatsion tizim: MIUI Pad 14, Android 13Protsessor: Qualcomm Snapdragon 870O‘lchami: 11 dyuymli displey (2880 * 1800)Planshetda SIM karta uyasi yo‘q', 5.0, 59),
('Planshet Modio M28', 2, 2, 250, 160, 'Mahsulot haqida qisqacha: Operatsion tizim: Android 10.0RAM: 6 GB/128 GBProtsessor turi: To‘rt yadroliKamera:Frontal kamera 5.0 MP, orqa kamera 13.0 MPMedia portlari: 128 GB gacha bo‘lgan MicroSD xotira kartasiUlanish: WiFi, Bluetooth, USBUSB: micro USB 2.0 versiyasiBatareya: o‘rnatilgan 6000 mA/soat lityum batareyaImeykadan utgan', 5.0, 58),
('Planshet Nextbook BRT81', 2, 2, 210, 110, 'Mahsulot haqida qisqacha: Zaryadlash ulagichi turi: USB Type-CG‘ilof sovg‘aSD xotira: 128 GB gacha microSDOperativ xotira: 3 GbDispley: IPS x 10,1&quot;Asosiy kamera: 1 x 5 MPOld kamera: 1 x 2 MPAndroid versiyasi: Android 10Ichki xotira: 16 GbSIM-karta qo‘llab quvvatlamaydi', 5.0, 26),
('Smart Planshet, A1000 Pro,', 2, 2, 250, 110, 'Mahsulot haqida qisqacha: Operativ xotira: 4 GB, 128 GBPlanshet 4G LTE va 5G tarmoqlarini qo‘llab-quvvatlaydiPlanshet ANDOD11.0 operatsion tizimiga asoslangan bo‘lib, uning funksionalligi va ishlashini ta’minlashda asosiy rol o‘ynaydiKamera: 8,0 MP old kamera, 13,0 MP orqa kamera', 5.0, 15),
('Planshet Blackview Tab 80', 2, 2, 340, 210, 'Mahsulot haqida qisqacha: Ishlab chiqaruvchi 1 yillik rasmiy kafolat beradi.Android 13 operatsion tizimning eng so‘nggi versiyasi bo‘lib, u yaxshilangan ishlash, yangi xususiyatlar va yaxshilangan xavfsizlikni taklif etadi. Smartfoningizni ushbu versiyaga yangilash yanada yumshoq va qulayroq tajribani ta‘minlaydi.Qurilma 128 Gb ichki xotiraga ega bo‘lib, ma‘lumotlar va ilovalar uchun keng saqlash joyini ta‘minlaydi. 4 GB operativ xotira bilan bir vaqtning o‘zida bir nechta ilovalar muammosiz va tez ishlashi kafolatlanadi.7680 mA/soat sig‘imga ega akkumulyator qurilma batareyasining uzoq ishlash muddatini ta’minlaydi. Bu sizga uni tez-tez zaryad qilmasdan ishlatish va uzoq kutish yoki faol foydalanishdan bahramand bo‘lish imkonini beradi.13 megapikselli asosiy kamera va 8 megapikselli old kamera yuqori sifatli fotosuratlar va videolarni taqdim etadi, bu esa yorqin, tiniq suratga olish va yuqori aniqlikdagi videoqo‘ng‘iroqlarni amalga oshirishni osonlashtiradi.Tez aloqa uchun Wi-Fi 802.11 a/b/g/n/ac, oson ulanish uchun Bluetooth 5.0, 2 SIM yoki 1 SIM + 1 TF karta uchun ikkita SIM uyasi va mobil aloqa uchun 2G/3G/4G diapazonlarini qo‘llab-quvvatlaydi. .800*1280 HD piksellar soniga ega 10,1 dyuymli IPS ekran aniq va jonli tasvirlarni taqdim etadi. 16:10 tomonlar nisbati bilan u ko‘rish va ishlash uchun ideal.8 yadroli Unisoc T606 protsessori mobil qurilmalarda yuqori unumdorlikni ta‘minlaydi. Uning kuchli arxitekturasi ma‘lumotlarni tezkor qayta ishlash va silliq multimedia tajribasini kafolatlaydi.', 5.0, 26),
('Planshet Blackview Tab 13 Pro ', 2, 2, 430, 280, 'Mahsulot haqida qisqacha: Displey: 10,1 dyuymli FHD+ IPS LCD, 16:10 nisbatProtsessor: MediaTek Helio G85Android 13 OS versiyasiXotira: 8 GBSaqlash: 128 GB, microSD karta uyasi orqali 1 TB gacha kengaytirilishi mumkinBatareya: 7280mAhO‘lchamlari: 238.8 x 157.6 x 7.7mmOg‘irligi: 450gOperatsion tizim: Android 13 sizning xavfsizligingiz uchun yaratilgan.SIM: 2 ta SIM-karta', 5.0, 36),
('Planshet Blackview TabActive 8', 2, 2, 550, 460, 'Mahsulot haqida qisqacha: Operatsion tizim Android 12Ekran diagonali 10.36 &quot;Ekran turi IPSProtsessor modeli MT8781 Helio G998 GB tezkor xotira256 GB ichki xotiraBatareya quvvati 22000 ma / soat12 oylik kafolat', 5.0, 25),
('Planshet Blackview Tab 18', 2, 2, 550, 450, 'Mahsulot haqida qisqacha: Ishlab chiqaruvchi 1 yillik kafolat beradi. IMEI-ni ro‘yxatdan o‘tkazish rasmiy ravishda 30 kun ichida amalga oshiriladi.Android 13 operatsion tizimning eng so‘nggi versiyasi bo‘lib, u yaxshilangan ishlash, yangi xususiyatlar va yaxshilangan xavfsizlikni taklif etadi. Smartfoningizni ushbu versiyaga yangilash yanada yumshoq va qulayroq tajribani ta‘minlaydi8 yadroli va 2,2 gigagertsli takt tezligiga ega MediaTek Helio G99 protsessori turli vazifalarda qurilmaning yuqori unumdorligini saqlab, kuchli va sezgir ishlov berishni ta‘minlaydi.8 Gb tezkor xotira qurilmaning tez va muammosiz ishlashini, ilovalar va multimedia kontentini yuqori unumdorlikka ega qayta ishlashni ta‘minlaydi.33 Vt tez zaryadlovchiga ega 8800 mA/soat sig‘imli akkumulyator batareyaning uzoq ishlash muddatini va zaryadning tez tiklanishini ta’minlaydi, bu sizga qurilmangizdan uzluksiz maksimal darajada foydalanish imkonini beradi.11,97 dyuymli diagonali 2000x1200 IPS ekrani kontentni ko‘rish va ishlash uchun ideal, keng ko‘rish burchagi bilan yorqin, aniq tasvirlarni taqdim etadi.256 Gb o‘rnatilgan xotira qurilmadagi ma‘lumotlar, ilovalar va multimedia kontenti uchun keng saqlash joyini ta‘minlaydi.', 5.0, 15),
('Planshet Teclast T40 Air 10', 2, 2, 400, 280, 'Mahsulot haqida qisqacha: Ushbu quvvatga qo‘shimcha ravishda u 256 Gb xotira chipini ham o‘z ichiga oladi va Micro SD karta sig‘imini 1 TB gacha kengaytirishni qo‘llab-quvvatlaydi, bu sizning ehtiyojlaringizga to‘liq mos keladigan saqlash yechimini ta‘minlaydi.Teclast plansheti eng yangi Android 13 operatsion tizimida ishlaydi.Bu borada foydali narsalardan biri SIM-karta uchun uyasi bo‘lib, u har doim aloqada bo‘lish imkonini beradi va Wi-Fi mavjudligiga bog‘liq emas. Shuningdek, GPS mavjud, shuning uchun gadjet navigator sifatida xizmat qilishi mumkin.18 vatt quvvatga ega 7200 mA / soat batareya avtonomiya uchun javobgardir.Sakkiz yadroli Unisoc T616 protsessori oddiy vazifalar uchun yetarlicha ishlashni ta‘minlaydi10,4 dyuymli to‘liq laminatlangan IPS displeyimiz bilan o‘zingizni misli ko‘rilmagan tasvir sifatiga qo‘ying. 2000 x 1200 2K piksellar soniga va 178 ° ultra keng ko‘rish burchagiga ega T40 Air murosasiz tasvirni taqdim etadi.', 5.0, 26),
('O‘yin monitori 2E Gaming 27', 3, 2, 360, 210, 'Mahsulot haqida qisqacha: - Ranglar soni: 16,7 million- Diagonal: 27&quot;- Yangilanish tezligi: 165 GtsDispley porti orqali ulanganda 165 Gts chiqadi, HDMI orqali ulanganda u 165 Gts dan kamroq chiqadi- Matritsa turi: VA, CURVED- Ramkasiz displey: Ha- Interfeyslar: 2xHDMI, Audio 3,5 mm, DisplayPort- Ruxsat: 1920x1080- Yorqinligi: 300 cd/m2', 5.0, 15),
('Noutbuk Asus TUF GAMING Intel ', 3, 2, 1500, 1000, 'Mahsulot haqida qisqacha: Protsessor: Intel Core I7-11800HVideo karta: Geforce RTX 2050Displey: 1920 x 1080 FHD 15,6 dyuymRAM: 8 GBMa‘lumotlarni saqlash: 512 GBKafolat: 12 oy', 5.0, 15),
('HP Victus 15 - 15,6', 3, 2, 920, 860, 'Mahsulot haqida qisqacha: Kamera - Vaqtinchalik shovqinni kamaytiradigan va o‘rnatilgan ikkita raqamli mikrofonli HP Wide Vision 720p HD kamerasiKlaviatura - raqamli klaviatura bilan to‘liq o‘lchamli orqadan yoritilgan ingliz-koreys klaviaturasiKafolat - Bepul ta‘mirlash uchun sotib olingan kundan boshlab 1 yilProtsessor - AMD Ryzen 5-7535HS Maksimal soat tezligi 3,3 gigagertsdan 4,5 gigagertsgacha (6 yadro, 12 ip) HexaCore (16 MB L3 kesh)Xotira turi - 8 GB DDR5-4800 MGts RAM (1 x 8 GB) 4800 MT/s gacha uzatish tezligi. 1 x 8 GBUmumiy Xotira - 512 GB PCIe® Gen4 NVMe™ TLC M.2 SSDGrafik xotira - NVIDIA® GeForce RTX™ 2050 noutbuki GPU (4 GB GDDR6 ajratilgan)Ekran o‘lchami - 15,6&quot; diagonali FHD (1920 x 1080), 144 Gts, IPS, tor ramka, porlashga qarshi, 250 nits, 45% NTSCSimsiz karta - MediaTek Wi-Fi 6 MT7921 (2x2) + Bluetooth® 5.3 (gigabit ma‘lumotlar tezligini qo‘llab-quvvatlaydi) MU-MIMO-ni qo‘llab-quvvatlashUSB portlari - 1 ta USB Type-C® 5 Gb/s ma‘lumot uzatish tezligi (DisplayPort™ 1.4, HP Sleep and Charge); 1 USB Type-A 5 Gb/s ma’lumot uzatish tezligi (HP Kutish va Zaryad); 5 Gbit / s ma‘lumotlarni uzatish tezligiga ega 1 USB Type-A porti;', 5.0, 59),
('MSI GF63 12UCX 8/512 Nvidia RT', 3, 2, 980, 830, 'Mahsulot haqida qisqacha: CPU: Intel core I5-1245(8yader, 12patok)(E-core up to4.4GHz).GPU: RTX 2050 4GBSSD: 512GB M2 NVMe PCle (2slots)RAM: 8GB DDR4 3200MHz(2slots)Display: 15.6 FULL HD (1920*1080), IPS, 250nits,144HzBattery: 52.4 WH', 5.0, 29),
('Noutbuk Lenovo LOQ, i5', 3, 2, 2000, 800, 'Mahsulot haqida qisqacha: Protsessor: Intel Core i5-12450HProtsessordagi yadrolar soni: 8 taProtsessordagi potoklar soni: 12 taProtsessorning bazaviy chastotasi: 2 GHzProtsessorning maksimal chastotasi: 4.4 GHzVideokarta: NVIDIA GeForce RTX 2050 4GBEkran: 15.6 dyum Full HDRGB yonuvchi klaviaturaWindows 11 o‘rnatilgan Zamonaviy Gamerlar uchun moslashgan noutbuk', 5.0, 35),
('Noutbuk Acer Aspire 3 Core i3', 3, 2, 850, 470, 'Mahsulot haqida qisqacha: Ekran: Diagonal 15,6 dyuymli Full HD (1920x1080), 16:9 nisbat, TN matritsasiProtsessor: Intel® Core™ i3-1215U 6 yadroli 8 ta 4,40 gigagertsli 10 Mb keshOperativ xotira: 8 GB DDR4Qattiq disk: 512 GB PCIe® NVMe™ M.2 SSDVideo karta: Intel UHD GraphicsPortlar: 1x USB 3.2 Gen1, 1x USB 3.2 Gen1, 1x HDMI, 1x USB 3.2 Gen 2 Type-C portlariWi-Fi/Bluetooth: Wi-Fi 5 (802.11 ax) + Bluetooth 5.1Batareya: 40Wh, 3S1P, 3 hujayrali Li-ion batareyaWindows o‘rnatilgan1 yil kafolat', 5.0, 19);

INSERT INTO product_images (product_id, image_url) VALUES
(1, '458258f7c743f74c3e7bd080d895f1a3.jpg'),
(1, 'cf924cf99ddd1c37f919cb130b756295.jpg'),
(1, '898b90e0f4dea1ade41cccf6902456ce.jpg'),
(1, '997bac00f2d4e7e5ea7c277bf2f94c79.jpg'),
(2, '4d0a7ffd5f70bc3237396812fa1a4bd9.jpg'),
(2, '0b157c413d7f06b752b4992508f556f4.jpg'),
(2, 'e75dc465413c000ed81a47c932775c90.jpg'),
(2, '0f6d8bbf4f6bc905c09ea10c183fb35e.jpg'),
(2, '1cc549ff388d403c884e2b873150762b.jpg'),
(3, '638d329c609fa117e046a8ed9ab06457.jpg'),
(3, '7eda294377cd22c7ad0a834515bd842f.jpg'),
(3, '93ef2268eea9572b8faa86dd53cea0f6.jpg'),
(3, '75efd260bb35da2d2d09faefa78ffe82.jpg'),
(3, '1d99c410a12b99307f13bd05bf9b5712.jpg'),
(3, 'ff328316228781109f9ab0aba5470e10.jpg'),
(3, '1b62fd562db438ad2df08cd263165c09.jpg'),
(4, '4e3d97fc71606572c2ca1cae1d7dbff6.jpg'),
(4, '8822f0004794b8593104b57a976e6d24.jpg'),
(4, '6671a3795c8de9c5e8263fd76ab52887.jpg'),
(4, 'f7442669a7ae52e5cc3db22f9c865ca8.jpg'),
(4, '9041dea1db309f507030f8cec1fe88cf.jpg'),
(4, '91edfe923eb8df15d595daefef468a79.jpg'),
(4, '0844d354129b145adce6f880a3a8f8f5.jpg'),
(5, 'f2312561a2f0d39aebd41714cd6d87ae.jpg'),
(5, '12cb3f2afdf8d09ee9bc888ea92a18fe.jpg'),
(5, 'da7e34f9dbe36379f32424796d8656cb.jpg'),
(5, '24e93cca3f0fab8b3e271aa7d92f5c50.jpg'),
(5, '90e1917d597eead243b1d784fd53de55.jpg'),
(6, '5015939a6f1c5feb5e950759d295ac4d.jpg'),
(6, '96ed00fdcfaf3014b2a9b02b5076e7e9.jpg'),
(6, '36df19ff671f525d22522badc8d047f1.jpg'),
(6, '9454e7a42dbc8b18f85e62b104e9488d.jpg'),
(7, 'e0373f19573bfefc42357210e725807d.jpg'),
(7, '21a9de559e79b661d72f95575f558585.jpg'),
(7, '8fafc6c13af1a54f4791c42c07788044.jpg'),
(7, '9d6882cf6f9d0b31e00ed2c0d1c22b7f.jpg'),
(7, '8779add0b466b6b48704629fcabc5af3.jpg'),
(8, 'c99d57f33e755f9116ec801783017213.jpg'),
(8, '8bf6072b78b7b60a57a9eeeccbd47c5d.jpg'),
(8, '61a224e77e6782a14671758e9791972e.jpg'),
(8, 'e4bd23bb0b90564ae0869cc51ee0229c.jpg'),
(8, '44a9a43d24c06488989ab3bab7489eed.jpg'),
(9, '089a18ece6adb85a3cf1ef4f39813444.jpg'),
(9, 'e523dbd3d40abad54cb6a91b9b36ace5.jpg'),
(9, '90e0a8f45f6535244524d9a3fd539953.jpg'),
(9, '918ba210ecfecf35666cdcdd2616bfb9.jpg'),
(9, 'e83ba80c89cefbd93ef64fbf762b298c.jpg'),
(9, 'fd47b69cc72e642aea0facb2b3beb30f.jpg'),
(10, '2091ee89dca220551cb84586e5c48904.jpg'),
(10, 'bcb04c75dd826465f5b5f4b6344aec3b.jpg'),
(10, '497871762791694c61bc02453f152058.jpg'),
(10, 'ad7993122f78a7c0167eee2ebfc00740.jpg'),
(10, '5536386cd7b4e20d171c35ac09f9fc5e.jpg'),
(11, 'a3342e27aeb7909fc741b199033d62b9.jpg'),
(11, '09cd4b13082feb1c6ff320eb3ca22251.jpg'),
(11, 'f0e3320c9a9dc6a341cf6f79138ddf4a.jpg'),
(11, 'b827142297e909438033ef8853fb1dc5.jpg'),
(11, '391d3336cceec2e7ddb7b8e54230c1ef.jpg'),
(12, '9fa7afd8c98109c880e0f8d0d5c6d4d0.jpg'),
(12, 'ae25848c0780155e464e514d121454fa.jpg'),
(12, '3847e2c4a68fd8fb6316ec73ace12a91.jpg'),
(12, '858c2cf848addfb25f80f4ca7bc491b5.jpg'),
(12, 'e45c1ed9ad7566f43a1857b717a29829.jpg'),
(12, 'cbff30c696178c9c2f939feeaca5ae95.jpg'),
(12, '7cffc9f71300ed7f6c00c779a6168f9e.jpg'),
(13, '35a4a5c678bfae5748a588aa0f186f19.jpg'),
(13, 'dd2754bbc7954a354ee76d251b4b65f9.jpg'),
(13, 'c30249ff4ef6f23a72b7260edfc83422.jpg'),
(14, '42d482e852b7a651f87bab8d10a9d86e.jpg'),
(14, 'c6b677e4e71947084941fe43c4c8138e.jpg'),
(14, 'f16161596b4f418d1897cb98c7ee7db2.jpg'),
(14, '19830fde50ac9e88b907eb5bbebb9c37.jpg'),
(14, '2c613a93104e0d7fa229212c37caaac9.jpg'),
(15, '4a4ec440ba88ee1d7b8cd2f51f61811e.jpg'),
(15, '6338b44c442a1f9cb278ccb1bb04e1d8.jpg'),
(15, '119f91613d442076b9894d687d463f68.jpg'),
(16, 'a846709bb01f4b8e939224573a3a234e.jpg'),
(16, 'c52148c225380efe2b6252006da60aa1.jpg'),
(16, 'a728263d4da88e62f416ead460dc6f26.jpg'),
(16, 'a63d1431eb10e7eb224d8e8a1690461f.jpg'),
(16, '7032fc119311917227c8e48508ee8e42.jpg'),
(16, '56083912fd094b81315432a56a3affcf.jpg'),
(16, '5cfeed277e27bf3b6f217b9241cca0d8.jpg'),
(17, '6ca98d9fd5ca459a52e78915bf7aea76.jpg'),
(17, '00907decda1adf99b6c54c688aa9dcb9.jpg'),
(17, 'f1cea8fd52db31786a3c68c0babf0ffa.jpg'),
(18, 'c3479ef525cf17c4417d57a5d89a4e27.jpg'),
(18, '3f24fe8d20a3e828f88c9a852c6674a5.jpg'),
(18, '8565cc17c438b32f85d10229ca92574e.jpg'),
(19, 'f0f72198ddd3cb600d8abe5931a61d3a.jpg'),
(19, 'bb60357ac0a5ca2b8cd050ce4f789896.jpg'),
(19, 'b5aba770a6f9b93dcfbdfaee4b5e5589.jpg'),
(19, '122933dfa4b9df16199bf99ccb2760e5.jpg'),
(19, 'd2a263d0e5cea54e7376a93662a0ad9a.jpg'),
(19, 'fd0b16ca2e825c4cef9f3db1558a10af.jpg'),
(20, 'b6c7b34a14e4f3723fe3d288cde3afb5.jpg'),
(20, '4627a6056f01c6a191ddef37628ab4dd.jpg'),
(20, '6740c4ba9050f8f9d03925bf991eba80.jpg'),
(20, 'a7ea3c7b7a855429d617094da729a0e1.jpg'),
(21, '2ff7f56f592acddfb30dc76ff90b1683.jpg'),
(21, '60271212434632cbf4ef2f7d67ff4ae3.jpg'),
(22, '7da9501e896b923982dc78162bb7d122.jpg'),
(22, 'a5c905c3d6d08dbebc2849a4caf10438.jpg'),
(22, '80eaa11545fb1c3ac5e069d48cc82e94.jpg'),
(22, 'aa2515baa965fbc4916fa3755963d759.jpg'),
(22, '318ccea555e65598235d084c0ca3f601.jpg'),
(23, '38c78d71878af1fdf921ad1c1f97360c.jpg'),
(23, 'bee5b572b42ef02da951bc4491925dde.jpg'),
(23, '32f1d473cb661ef81a75cde97fa00935.jpg'),
(23, '95744d78648c1560671b988bdc3f3530.jpg'),
(23, '60080c1e3f5047fac482bdfc14611fb9.jpg'),
(24, '820d783934a2515680a2eb5b0e3f41c7.jpg'),
(24, '7f894738b084d0980a08d3f2cd8b5f99.jpg'),
(24, '59f51bd397a621cb928bb91a033f7f35.jpg'),
(25, 'f71bc45752c3beca0086878b866dde45.jpg'),
(25, '8c2971b27e00433d3fe1479f91d7e4ec.jpg'),
(25, 'a702ea3856fbfa930d83f5e52ce46fe1.jpg'),
(25, '561b318a27125d7d275e46f1fe22f4e2.jpg'),
(25, '6547579fb261c6f51a3460bab6ace4fc.jpg'),
(26, 'c6be63659ef005e276df4b299db88d74.jpg'),
(26, '534380921fc3834e9ee73be03eb17b99.jpg'),
(26, '0e85bf3bf647a5dc55c80fcdecddea78.jpg'),
(26, 'c6f9911aeb19f6da16d99a09240f38c5.jpg'),
(26, '79a0bd0953a141feb2fa85beece6f564.jpg'),
(27, 'e63e40700bc58ff5f579089bf381ab89.jpg'),
(27, '579bf10148a8860d62213a4a22824f91.jpg'),
(27, 'aff6251853823f2d7b8a8f65b9cab709.jpg'),
(27, 'bfa332ff7bc59a9c117273890ad20d15.jpg'),
(27, '4b961d175ae80b09ee3053a95444d8da.jpg'),
(28, '97f01c0ea0b0ff4c445ccfa1ac686329.jpg'),
(28, '625688de31d74041899cd1f5ad229a59.jpg'),
(28, '600c4b60acb71965c95c182c7c494c4d.jpg'),
(28, 'b5db4a1789622dbdd501d88a8eef732a.jpg'),
(28, 'f862f94878a62490440a6f55885aabec.jpg'),
(29, '04ecc2a61ffb0ed0b99c684275633cc2.jpg'),
(29, '255030c02e45a819bf639e1893ee79d0.jpg'),
(29, '8ec179d608a06d28c1f54284fb325c30.jpg'),
(29, 'a2a0476423963aa6fccbb0e6b80f6374.jpg'),
(29, '6cfd588fd540ffc130e5332bb82b806a.jpg'),
(30, '1dd28b34843aee3e7c963963064b71bf.jpg'),
(30, 'f6d27e6ab4c23c339df98377e3d976f1.jpg'),
(30, '19e67e0595f789d16d26b7c8d512e5a1.jpg'),
(31, '7806cfe14f92c120a08689d2d9ba6fd6.jpg'),
(31, '2f228ac5f8c5fd5488224378bba5be32.jpg'),
(31, '38ee1882fdcbaad5867999d8b5e7a6ee.jpg'),
(31, '4c7d5078ce5113e5ebd2ae5c885837eb.jpg'),
(31, '0570e30373d15989a408497eb219c378.jpg'),
(32, 'c96efd1feeac55dfa1932252a8458107.jpg'),
(32, '2d036cb647f0ab0de66e91c3b1ed8aef.jpg'),
(32, '8a62bee2145282df0091f6f016b3627d.jpg'),
(32, '700467d09012108b533881014b0509f7.jpg'),
(32, '93bc9f41d7a8bf9638a14482d946a40d.jpg'),
(33, '5507b84a47dbb171114a63ee61e5e20e.jpg'),
(33, '6aa169e24c6491605fdc53d361bebc57.jpg'),
(33, '175cad66b54eaa15101e24c365237c40.jpg'),
(33, 'abbab0641d587eb43d28da4f6dff05b2.jpg'),
(33, '9e6313dffda6f5586680d62dc0963338.jpg'),
(34, 'c198311104de79a98d3cabdfaf124c5a.jpg'),
(34, '45f6201269970a864cb0b1bc573a8360.jpg'),
(34, 'b2d126eea7056590345931e44ba9fb6c.jpg'),
(34, 'ce021f8659735c7bf3f7d347681e07fd.jpg'),
(34, '247397d25f09af5c3c7fcf2ac78e5a4c.jpg'),
(34, '7ab5ffe0bdf2c7902a4fe2325fcd9074.jpg'),
(35, '14eac314fa5767c5636bf4fc6fc2de67.jpg'),
(35, '261272230e2150321280cc9a1b5a9dc8.jpg'),
(35, 'a446ecbfff77dab6541f6e7487ba46b5.jpg'),
(35, '08bf30bc7d022367e0b69222012da869.jpg'),
(35, '574570a664371973100396931919204f.jpg'),
(36, 'a7ffea103b90ddcffd2ddb75b863e248.jpg'),
(36, 'aa4b8f49c7319f448b86939efb53b464.jpg'),
(36, 'c9cec99f0218c6863694d7aaf8a5c22b.jpg'),
(36, 'b0a969277db8f6007a8f2d4a054734f7.jpg'),
(36, 'c8b84f7ca1e1624062c76fcb7e2dfa37.jpg'),
(37, 'd65465b64363e9bd6b1897a589800433.jpg'),
(37, 'a57db396144181fed7c97c7502878e21.jpg'),
(37, 'f9739ffe6e91d6027d866c8eecef0168.jpg'),
(37, '5d42b5021b6a1d50638805756e8d2f07.jpg'),
(37, '94e5687372ca010373980dc511cbb041.jpg'),
(38, '55616eb462ea96785b8502829ea24728.jpg'),
(38, '3404259f53c8c96415d8558118c11584.jpg'),
(38, '3039c7c2fcb54915d7b67ba1c1b53b2c.jpg'),
(38, 'd315c5e3b229bd8483650910343ca20b.jpg'),
(38, '0e030f3b6abdf1164c6cf0a2cb8a8833.jpg'),
(39, '848750ec5d458bf13d4f78779aefaade.jpg'),
(39, '0885235951267fd9e415761b9b6d8696.jpg'),
(39, '17f6ee256d50f8589489e47e93128c3f.jpg'),
(39, '1d2b623a77f8d356951dc2b0f003e857.jpg'),
(39, '82ddf475fcdb69360a302cb9c91bfd5f.jpg'),
(40, '2fd33258a9495c899b9158f4c8e77e6e.jpg'),
(40, '0d29c695facc01ef60217222e8fd90c8.jpg'),
(40, '2ccd1d50d56a125d9427625fdc790ebb.jpg'),
(41, 'ce4a76259adb007bcab1be415d78a1b3.jpg'),
(41, '46864d7a3b751007d875e3441bfde4ea.jpg'),
(41, 'fc501026d75be9d602ca99b7d4e3a00d.jpg'),
(41, 'ba21e6910cd90b90ba0f7b4744fbbf31.jpg'),
(41, '0f8fd54260d152f75576bb8f500af671.jpg'),
(42, '54a1f1a251953a88e2d49e4f269279da.jpg'),
(42, '9d3fef7e16fa38c48d6fb5e5a9e20032.jpg'),
(42, 'aa438c33dcba65d37df285216c87b80e.jpg'),
(42, '1946829af6c4d628f5116dc78297f350.jpg'),
(42, 'd02a4f5c9b6244c8b7ec8bd58c12fca8.jpg');